{
  "ext/fragment/UploadSet-dbg.js": 1728540594727,
  "ext/controller/List_page_s.controller.js": 1729008491624,
  "ext/fragment/Comments.js": 1728997825890,
  "ext/controller/SendQuotation.js": 1728983253394,
  "ext/controller/Send.js": 1728828093939,
  "ext/controller/Obj_page_s.controller.js": 1728998437057,
  "ext/fragment/UploadSet.js": 1728540594727,
  "manifest.json": 1729012149806,
  "Component.js": 1728536596138,
  "ext/controller/Obj_page_s-dbg.controller.js": 1728998437057,
  "ext/controller/Obj_page_s.controller.js.map": 1729012149982,
  "ext/fragment/Comments-dbg.js": 1728997825890,
  "ext/fragment/Comments.js.map": 1729012149978,
  "ext/controller/SendQuotation-dbg.js": 1728983253394,
  "ext/controller/SendQuotation.js.map": 1729012149976,
  "ext/controller/Send-dbg.js": 1728828093939,
  "ext/controller/Send.js.map": 1729012149966,
  "ext/controller/List_page_s-dbg.controller.js": 1729008491624,
  "ext/controller/List_page_s.controller.js.map": 1729012149974,
  "i18n/i18n.properties": 1728983632340,
  "ext/fragment/UploadSet.js.map": 1729012149980,
  "Component-dbg.js": 1728536596138,
  "Component.js.map": 1729012149977,
  "Component-preload.js": 1729012150164,
  "Component-preload.js.map": 1729012150164,
  "ext/fragment/UploadSet.fragment.xml": 1728996326296,
  "ext/fragment/Comments.fragment.xml": 1728998553890,
  "index.html": 1728536596142
}