{
  "Component.js.map": 1728540155621,
  "ext/controller/Obj_page_s.controller.js": 1728538232971,
  "ext/controller/List_page_s.controller.js": 1728538198959,
  "manifest.json": 1728540155478,
  "Component.js": 1728536596138,
  "Component-dbg.js": 1728536596138,
  "i18n/i18n.properties": 1728536596146,
  "ext/controller/List_page_s-dbg.controller.js": 1728538198959,
  "ext/controller/List_page_s.controller.js.map": 1728540155625,
  "ext/controller/Obj_page_s-dbg.controller.js": 1728538232971,
  "ext/controller/Obj_page_s.controller.js.map": 1728540155630,
  "Component-preload.js": 1728540155690,
  "Component-preload.js.map": 1728540155690,
  "index.html": 1728536596142
}